Model,Score
linear_reg,-0.0374122746288776
ridge_reg,-0.0374122746288776
mlp_reg,-0.0374122746288776
ResNeXt,0.1991736143827438
ViT_encoder,0.3059268891811371
ViT_heads,0.1193372532725334
ConvNeXt_layer7,0.0381530001759529
ConvNeXt_classifier,0.0381530001759529
ResNet18_layer4,-5.970043730485486e-06
ResNet18_avgpool,0.1899793744087219
ResNet50_layer4,0.2294809967279434
ResNet50_avgpool,-1.9582560062408447
