Model,Score
linear_reg,-0.0374122746288776
ridge_reg,-0.0374122746288776
mlp_reg,-0.0374122746288776
ResNet18,-1.2538263035821728e-05
