Model,Score
linear_reg,-0.0374122746288776
ridge_reg,-0.0374122746288776
mlp_reg,-0.0374122746288776
ResNet18,-1.2538263035821728e-05
ResNet50,0.2294809967279434
ResNeXt,0.1991736143827438
ViT_encoder,0.3059433996677398
ViT_heads,0.119337297976017
ConvNeXt_layer7,0.0381535105407238
ConvNeXt_classifier,0.0381535105407238
ResNeXt_layer3,0.3907896280288696
ResNeXt_layer4,0.1991739720106125
ResNeXt_avgpool,-1.9893754720687864
DinoV2_norm,0.3194968402385711
