Model,Score
linear_reg,-0.0374122746288776
ridge_reg,-0.0374122746288776
mlp_reg,-0.0374122746288776
ResNet18,-1.2538263035821728e-05
ResNet50,0.2294809967279434
ResNeXt,0.1991736143827438
ViT_encoder,0.3059268891811371
ViT_heads,0.1193372532725334
ConvNeXt_layer7,0.0381530001759529
ConvNeXt_classifier,0.03815300017595291
